game url,game pic
/game/MoveItAll/,https://play-lh.googleusercontent.com/sITBmmZFgPL1jqJQ71_4ZxtOS28VrrWzaIOJY-D50VUAEW7WYHVqpEKQpOidzTj3Eyiq=w240-h480-rw
/game/ABCMergeFight/,https://play-lh.googleusercontent.com/9NVb0NJQNJRBq-15aXibjKnm2VAZK6Wbpk_nSKBAyWefTelYgKp0Eun9WTtlvXOAgA=w240-h480-rw
/game/ParkingChaos/,https://play-lh.googleusercontent.com/N8_jQqTf1oYmyHUzxQ_KGOO5ZAspTinFREYPIWhzzDa-88D-IINoNRBphSzs4M792v4=w240-h480-rw
/game/PursuitGunner/,https://play-lh.googleusercontent.com/iKlxWFwgQZCfO3vHhcKeUPaVPAg2rZ5HyzFMUte-1s-5gFmr9CuZlmAGV_YwWhVh2A=w240-h480-rw
/game/PunchDuel/,https://play-lh.googleusercontent.com/kft2ZJ_q4RakceZS24yUpRRKtOIfTU6P26EKeRmseSRx4BZYGjLxHHAfFkkxco2q6A=w240-h480-rw
/game/SheepyGo/,https://play-lh.googleusercontent.com/FGHum6GYGM19pzVNgbkuypvlNfetChM_zs-xSQqVYx_933PxBZoxm2_RAIUWGZJadNo=w240-h480-rw
/game/BottleBash/,https://play-lh.googleusercontent.com/Wi5qteupHQqaomkLyONkV795G3HPzdB6Suureg2T9HftRyDhSeDZuVCXm43ZWsjXqg=w240-h480-rw
/game/SafeDriveSaga/,https://play-lh.googleusercontent.com/h4lKch-ASOrbHnI7PDdSt_Z6Spux3wk7oGQPBGwloNHI1PrYoD79I9uD7m8s0rU7NG8c=w240-h480-rw
/game/CircleClear/,https://play-lh.googleusercontent.com/DlhvdGbRx1s2S3iVJqug4Rot--fh5CncAdil8sf9SgIhJ4gxyNabpFirue5YoHaKImw=w240-h480-rw
/game/SeamlessCut/,https://play-lh.googleusercontent.com/6iNbGztY_6EeOuPk7xPn9Ohe0kTchnwYTF4rd0FDpz2Htmrowg6vlHHGcAWH2A5xX_Y=w240-h480-rw
/game/AntDraw/,https://play-lh.googleusercontent.com/L0eJ3_ztdmePNLEU3AzjH636nnwP62ckB65hIsUOWektTBf6qa08S6uDlE32xk8usBs=w240-h480-rw
/game/ArtisticRoll/,https://play-lh.googleusercontent.com/I8jkQRXarsoF99C8PBrayFoEDm5k4meucDv0eL2CaI8ukwi0BXBt7SzLgdcDD0mzgrg=w240-h480-rw
/game/MazeBurglar/,https://play-lh.googleusercontent.com/ltIZv_IrsnVEBA2ItD8HECrfGvueGJNgFnh18Iz9pLYl8VIq3m0VRpbFTIIGsOrjoZPa=w240-h480-rw
/game/MorphingCube/,https://play-lh.googleusercontent.com/SBueGF3BCB2OQkOo1h-ZsfFUi1nIY4ZE3VqlpDRLxDtshzp9rBku6ExpjoJPZVkW0SmP=w240-h480-rw
/game/OilTycoonDash/,https://play-lh.googleusercontent.com/XShtncquBDKk91WO_-0nU_Szpxh46oTO4km9HQYaPK99hFo8PikOX_A4V04_xWqnuA=w240-h480-rw
/game/PerfectPursuit/,https://play-lh.googleusercontent.com/RGGZfPc4EZGmqVxLiG3tHJHeNzRbiT3k65ephSV79mD1M5WQWUKKgd6bElDigfY20Ds=w240-h480-rw
/game/SortItOut/,https://play-lh.googleusercontent.com/0-Ukbla_URg1W-QmFfyJ0nSJTgv0ZJDy0TdLOmB7edFsYI6NotxLXCmbmphyHmpWrbQ=w240-h480-rw
/game/UndeadDrift/,https://play-lh.googleusercontent.com/u9sG0wATCTQIpGVr5iFyG8BE63gTXSdZorcjfqXQDiq4qNY8uCM0RPDRd9QIE1fmsKw=w240-h480-rw
/game/YoungExplorer/,https://play-lh.googleusercontent.com/LE8aDDVSe5wKSNLm2CCPcOmOt2rlZOys1XhZ0B1U7VLJ5ApMXpr7hHGD6R3QWKoBCw=w240-h480-rw
/game/DotPath/,https://play-lh.googleusercontent.com/rGxyXgTjBewfbDmD7SYDuSq9s1-nrb3sKdK2U-MEKi6HRQKRRJIGbMbLOAvuO7tm0us=w240-h480-rw
/game/JavelinHero/,https://play-lh.googleusercontent.com/shIyV6T5Lj9U51_AnoOK8EW6bvAtThze9M59n3uY-77e5EWjfkQkci7uMtC4U8OrV4w=w240-h480-rw
/game/MatchNDuel/,https://play-lh.googleusercontent.com/Khp1bevpJjmQRG94vHWbRnLicvst1qcnpeB_E9gKOtTWFa7xhb8fz3h2trrHIrzpuRw=w240-h480-rw
